The Wandering Sky,Emily Harper,978-1-23456-789-0,AVAILABLE,.
Echoes of Eternity,James Whitfield,978-0-98765-432-1,AVAILABLE,.
Mystic Realms,Sophia Bennett,978-5-67890-123-4,AVAILABLE,.
Shadows of the Past,Liam Callahan,978-2-34567-890-1,AVAILABLE,.
Journey Beyond the Stars,Olivia Franklin,978-3-45678-901-2,AVAILABLE,.
The Art of Tomorrow,Noah Harrison,978-4-56789-012-3,AVAILABLE,.
Beneath the Crimson Moon,Mia Kensington,978-5-67890-234-5,AVAILABLE,.
Whispers in the Wind,Ethan Blackwood,978-6-78901-234-5,AVAILABLE,.
Tides of Destiny,Ava St. James,978-7-89012-345-6,AVAILABLE,.
The Forgotten Legacy,Oliver Somerset,978-8-90123-456-7,AVAILABLE,.
Beyond the Horizon,Sarah Fields,978-1-56023-0,AVAILABLE,.
The Last Light,James Peterson,978-1-56023-1,AVAILABLE,.
Echoes of the Past,Olivia Black,978-1-56023-2,AVAILABLE,.
Whispers of the Ocean,Emily Stone,978-1-56023-3,AVAILABLE,.
Shadows in the Vineyard,Frank Vine,978-1-56023-4,AVAILABLE,.
Timeless Journeys,Nora Quinn,978-1-56023-5,AVAILABLE,.
The Art of the Sunset,Alex Right,978-1-56023-6,UNAVAILABLE,Alice Johnson
Lost Between Worlds,Maria Gonzalez,978-1-56023-7,AVAILABLE,.
Dreams of Freedom,Robert Frost,978-1-56023-8,AVAILABLE,.
Stars of the Desert,Linda Brown,978-1-56023-9,UNAVAILABLE,Michael Rays
Silent Echoes,Tom Herald,978-1-56024-0,AVAILABLE,.
Forgotten Paths,Clara Winston,978-1-56024-1,UNAVAILABLE,Amy Pond
The Hidden Valley,Derek Swann,978-1-56024-2,AVAILABLE,.
The Last of the Light,Peter King,978-1-56024-3,UNAVAILABLE,Rick Grimes
Rivers of Time,Jennifer Thorpe,978-1-56024-4,AVAILABLE,.
Echoes of Tomorrow,Marcus Yale,978-1-56024-5,AVAILABLE,.
Where Shadows Lie,Anne Carter,978-1-56024-6,AVAILABLE,.
Mist Over Mountains,Lee Chang,978-1-56024-7,AVAILABLE,.
The Forbidden Garden,Sophie Marceau,978-1-56024-8,AVAILABLE,.
Under the Fallen Skies,Luke Granger,978-1-56024-9,UNAVAILABLE,Tina Fey
